First_name,Last_name,Age,Country,Occupation
Tammy,Lutz,56,Croatia,Consulting civil engineer
Jessica,Hays,20,United States Virgin Islands,Agricultural engineer
Dawn,Marshall,33,Papua New Guinea,"Programmer, systems"
Tracy,Silva,38,Suriname,Heritage manager
Jared,Young,34,Switzerland,Music tutor
Bobby,Black,57,Cambodia,Writer
Julia,Harrington,46,Belize,Medical technical officer
Christopher,Lopez,18,Jamaica,Broadcast presenter
Cindy,Evans,28,Colombia,Civil Service administrator
Johnny,Simon,41,Luxembourg,Arboriculturist
Ashley,Hamilton,57,Turks and Caicos Islands,Comptroller
Sherry,Thomas,44,Turkey,Production engineer
Rebecca,King,31,Palau,IT sales professional
Tom,Mcclure,34,Montserrat,Insurance account manager
Daniel,Hendricks,50,Eritrea,"Embryologist, clinical"
Linda,Johnson,39,Dominica,"Accountant, chartered public finance"
Charles,Cooper,55,Burundi,Software engineer
Diana,Forbes,39,Venezuela,Research scientist (medical)
Michael,Davis,51,Turks and Caicos Islands,Physiotherapist
Catherine,Holmes,32,Comoros,Corporate treasurer
David,Stone,40,Saint Vincent and the Grenadines,Immigration officer
Elijah,Thompson,56,Gambia,"Pilot, airline"
Amy,Marsh,26,Cameroon,Press photographer
Nicole,Robinson,26,Ethiopia,Film/video editor
Mark,Harris,48,Saint Barthelemy,Translator
Javier,Brewer,49,Turkmenistan,Multimedia programmer
Gloria,Lewis,19,Lithuania,IT trainer
Joshua,Atkins,54,Pitcairn Islands,Solicitor
Matthew,Martinez,22,Italy,Orthoptist
Melinda,Wilson,48,Mali,Chartered loss adjuster
Christina,Powell,37,Botswana,Audiological scientist
Katrina,Cole,49,Kazakhstan,Charity fundraiser
Alicia,Holt,54,Slovakia (Slovak Republic),Geophysical data processor
Lisa,Williams,51,Kazakhstan,Trading standards officer
Austin,Shea,39,Poland,Holiday representative
Jenny,Bell,45,Oman,"Therapist, art"
Lisa,Harris,43,Greece,Medical laboratory scientific officer
Daniel,Gill,54,Comoros,Glass blower/designer
Adam,Buckley,34,Albania,Records manager
Jorge,Booth,53,Chad,Music therapist
Gabriella,Moore,39,Bolivia,Film/video editor
Rhonda,Price,42,Sierra Leone,Computer games developer
Julie,Wood,44,Dominica,Herbalist
Rachel,Johnson,24,Uruguay,Photographer
Haley,Martin,34,Dominican Republic,"Journalist, magazine"
Chase,Boyle,43,French Guiana,"Designer, exhibition/display"
Terri,Martinez,38,Swaziland,"Teacher, early years/pre"
Zachary,Smith,36,Solomon Islands,Manufacturing engineer
Karen,Orr,47,Philippines,Careers adviser
Makayla,Webb,54,United States Virgin Islands,Comptroller
Angelica,Hughes,37,Hungary,Visual merchandiser
Angela,Fields,32,Brazil,Dance movement psychotherapist
Dawn,Roach,51,Comoros,"Engineer, control and instrumentation"
Regina,Johnson,21,Saint Helena,Horticultural consultant
Jillian,Payne,45,Georgia,Applications developer
Mike,Tanner,39,Morocco,Broadcast engineer
Joshua,Flores,29,Nigeria,Trade union research officer
Jasmine,Smith,45,Philippines,Dance movement psychotherapist
John,Lee,38,Bermuda,Animal nutritionist
Robert,Anderson,38,Papua New Guinea,Teaching laboratory technician
Kevin,Villegas,32,Jordan,Environmental education officer
Heather,Castillo,54,Cayman Islands,Medical physicist
Sheri,Sanford,39,Turkmenistan,Automotive engineer
Julie,Hernandez,24,Israel,Chiropractor
Timothy,Robertson,27,Bolivia,"Scientist, audiological"
John,Hernandez,48,Congo,Dentist
Joseph,Burns,43,Lithuania,Logistics and distribution manager
Lori,Adkins,21,Mexico,Geophysicist/field seismologist
Erika,Weiss,49,Namibia,"Scientist, product/process development"
Charles,Santiago,28,Guadeloupe,Interpreter
John,Brown,57,Panama,Barrister
Kelly,Morrison,37,Burundi,Armed forces logistics/support/administrative officer
Jason,Wade,37,Tajikistan,Furniture designer
Teresa,Li,42,Angola,Trade mark attorney
Carly,Garrett,25,Tajikistan,Tax adviser
Joshua,Coffey,32,Slovenia,Applications developer
Steven,Fields,21,Puerto Rico,Haematologist
Dawn,Hudson,33,Ireland,Chartered public finance accountant
Amanda,Soto,44,Congo,"Social research officer, government"
Michael,Simon,50,Burundi,Land
Jerry,Ho,27,New Caledonia,Electronics engineer
Zachary,Green,31,Tajikistan,Chief of Staff
Bethany,Smith,26,Nigeria,Systems developer
Kurt,Rice,50,Samoa,"Engineer, manufacturing systems"
Nicole,Murphy,34,Tonga,Sports therapist
Jessica,Wilkerson,57,Reunion,Teaching laboratory technician
Mary,Martin,27,Cyprus,"Engineer, land"
Michael,Coleman,18,French Southern Territories,"Librarian, public"
Alexis,Gray,45,Jersey,Race relations officer
David,Brooks,22,Vietnam,Market researcher
Cynthia,Mcdowell,39,Iceland,Animal nutritionist
Wesley,Cooper,50,Iceland,"Engineer, land"
Kevin,Rose,43,Canada,"Teacher, special educational needs"
Karen,Kemp,38,Saint Vincent and the Grenadines,Press sub
Cassandra,Frye,50,Mongolia,Diagnostic radiographer
Calvin,Smith,25,Tonga,"Designer, industrial/product"
Cody,Hawkins,21,Nepal,Communications engineer
Jessica,Lloyd,37,New Caledonia,Passenger transport manager
Billy,Wilcox,49,Chad,Armed forces logistics/support/administrative officer
Thomas,Campbell,25,Palestinian Territory,"Engineer, civil (contracting)"
Timothy,Hall,55,Falkland Islands (Malvinas),"Therapist, nutritional"
Jason,Nelson,48,United Kingdom,Educational psychologist
John,Gardner,46,Jordan,Physiotherapist
David,Figueroa,56,Gibraltar,"Therapist, occupational"
Dorothy,Henry,21,Faroe Islands,"Therapist, art"
Michael,Chen,45,Guyana,Systems developer
James,Ellis,33,Hungary,Chemical engineer
Richard,Hoffman,19,Niger,Museum/gallery curator
Alejandra,Villegas,53,Peru,Radiation protection practitioner
Tyler,Hughes,39,Kuwait,Personnel officer
Christina,Daniels,20,Germany,Recycling officer
Sara,Brooks,45,Burkina Faso,Financial planner
Barbara,Hernandez,56,Martinique,"Teacher, early years/pre"
Jeremy,Wang,20,Cook Islands,Adult nurse
Lindsey,Scott,34,Swaziland,Tourism officer
Matthew,Middleton,25,India,Oncologist
Susan,Lawrence,34,Wallis and Futuna,Water quality scientist
Gregory,Duncan,43,Guinea-Bissau,Financial risk analyst
Andrew,Baker,18,Nepal,"Journalist, broadcasting"
Bailey,Ross,33,Swaziland,Chief Executive Officer
Michelle,Rodriguez,49,Saint Vincent and the Grenadines,Medical illustrator
Charles,Garner,20,Bulgaria,Podiatrist
Kimberly,Palmer,56,Swaziland,Ambulance person
Margaret,Lewis,56,Mauritania,Public librarian
Allison,Davis,52,Croatia,Civil Service administrator
Maria,Smith,28,Chile,Building control surveyor
Linda,Wilson,54,India,Land
Shannon,Herrera,19,Guadeloupe,Glass blower/designer
Susan,Nelson,46,Sao Tome and Principe,Civil Service fast streamer
Jose,Le,38,Andorra,Personal assistant
Jon,Smith,26,Samoa,Ergonomist
Beverly,Wilson,28,Sweden,Firefighter
Matthew,Watkins,26,Gambia,"Surveyor, land/geomatics"
Samuel,Riley,47,Andorra,"Designer, furniture"
Edward,Murray,19,Peru,Equality and diversity officer
Brian,Dillon,55,Barbados,Cartographer
William,Sutton,38,Finland,Environmental manager
Stephanie,Koch,35,Albania,"Teacher, English as a foreign language"
Troy,Floyd,18,Haiti,"Conservation officer, nature"
Jason,Duffy,53,Saint Barthelemy,Web designer
Michelle,Marsh,18,Colombia,"Psychotherapist, dance movement"
Angela,Little,38,Gibraltar,"Conservator, museum/gallery"
Jacqueline,Little,23,Greece,Insurance claims handler
Albert,Velasquez,44,Saint Lucia,Museum/gallery conservator
Rebecca,Johnson,24,Serbia,"Librarian, academic"
Brenda,Tran,24,Belgium,Veterinary surgeon
Timothy,Orr,23,United States of America,Catering manager
Martin,Gomez,56,Burkina Faso,Planning and development surveyor
Paula,Barnes,19,Iraq,Health physicist
Kevin,Turner,44,Brazil,"Surveyor, land/geomatics"
Alan,Vaughn,27,Niue,Animal technologist
Joseph,French,35,Germany,Airline pilot
John,Hernandez,28,Macao,Restaurant manager
Beverly,Leonard,31,India,Hospital doctor
John,Rhodes,21,Mauritius,Purchasing manager
Andrew,Boyd,49,Hong Kong,Wellsite geologist
Ruth,Ellis,26,Bahamas,"Therapist, speech and language"
David,Wilson,29,Bermuda,Armed forces operational officer
Melinda,Marsh,24,Bhutan,Claims inspector/assessor
Lori,Webster,41,Switzerland,"Administrator, sports"
Debra,Lawrence,38,Turks and Caicos Islands,Clinical cytogeneticist
Kayla,Gray,55,Lebanon,Firefighter
Timothy,Atkins,45,Sao Tome and Principe,Quarry manager
Steven,Sanders,50,Brazil,Fisheries officer
Benjamin,Sanders,26,San Marino,Physiotherapist
Jason,Morris,24,Egypt,Geophysical data processor
Anthony,Baker,28,Uzbekistan,Building control surveyor
Whitney,Carlson,35,North Macedonia,"Engineer, land"
Lauren,Gaines,24,Morocco,"Designer, industrial/product"
Bobby,Joseph,23,Anguilla,Local government officer
Christina,Ross,26,Burundi,Orthoptist
John,Garcia,44,Venezuela,"Engineer, manufacturing"
Joe,Gilmore,20,New Zealand,Television camera operator
Jesus,Lynch,53,Japan,Teaching laboratory technician
Mark,Shelton,27,Saint Vincent and the Grenadines,"Designer, textile"
Eileen,Choi,50,New Caledonia,"Loss adjuster, chartered"
Antonio,Andrews,30,Egypt,Hydrogeologist
Richard,Sharp,36,Congo,Psychiatrist
Michael,Ruiz,31,Uganda,Immigration officer
Katherine,Smith,19,Albania,Recycling officer
Jeffery,Porter,20,Cuba,Diplomatic Services operational officer
James,Turner,30,Saudi Arabia,Electrical engineer
Jeffery,Kennedy,23,Paraguay,Writer
Kyle,Williams,42,Chad,Exhibition designer
Katherine,Moore,52,Kenya,Psychotherapist
Tammy,Wright,39,Cocos (Keeling) Islands,Field trials officer
Daniel,Torres,56,Thailand,English as a second language teacher
Jessica,Farmer,42,Dominican Republic,Armed forces logistics/support/administrative officer
Martha,Garcia,27,Syrian Arab Republic,"Scientist, product/process development"
Samantha,Ramos,48,Togo,Product/process development scientist
Charles,Graham,22,Haiti,Educational psychologist
Matthew,Hudson,24,Micronesia,Aeronautical engineer
James,Morrow,35,Trinidad and Tobago,Fish farm manager
Michael,Simmons,56,Mozambique,"Surveyor, minerals"
Linda,Robertson,24,China,Trade mark attorney
Rebecca,Holmes,45,Morocco,Chief Operating Officer
Mary,Hill,20,Benin,Hotel manager
Charles,Novak,23,Bolivia,Television floor manager
Grant,Walsh,26,San Marino,Multimedia programmer
Michelle,Bryant,47,Greece,Geophysicist/field seismologist
